Phrase	SoundsLike	IPA	DisplayAs
Tariq-Moody			Tarik Moody
Anne-Christensen			Ann Christenson
Ann-Christensen			Ann Christenson
Adam-Pollock			Adam Pawlak
Charlie-Barron			Charlie Berens
Arthur-Ursink			Arthur Ircink
Kyle-Noll			Kyle Knall
Kyle-Knoll			Kyle Knall
Tariq			Tarik
Charlie-Barron's			Charlie Berens's
Barron			Berens
Emmy's-African-Cuisine			Immy's African Cuisine
Emmy's			Immy's
Christensen			Christenson
Tarik-Moody			
Ann-Christenson			
Kim-Shine			
Radio-Milwaukee			
This-Bites			
Uniquely-Milwaukee			
Bay-View-Neighborhood-Association			
Dan-Jacobs			
Luke-Zahm			
Justin-Abrahamian			
Blue-Blues-Bakery			
Aya			
Adam-Pawlak			
Lupi-and-Iris			Lupi & Iris
Discourse-Coffee			
Charlie-Berens			
Summerfest-grounds			
Cafe-Corazon			Café Corazón
Immy's-African-Cuisine			
Tony-Scardino			
Carnivore			
Nompong			
Joe-Sasto			
Kyle-Knall			
Cochina-Fipina			
La-Dama			
Cafe-Bustelo			Café Bustelo
Cafe-Colada			Café Colada
Anytime-Arepa			
Saffron			
Arthur-Ircink			
DJ-Shawna			
Cathedral-Square-Park			
Michael-Cerda			
Maxi's			
On-the-Block			
Hong-Anh-Palace			
Bread-House			
Adam-Siegel			
Ted's-Ice-Cream-and-Restaurant			Ted's Ice Cream & Restaurant
Il-Ponte			
Milwaukee-Magazine			
Peacock-Lounge			
El-Tsunami			
Burscht			
High-Stakes			
a private guest			
Nadi-Plates			
Ube-MKE			
Soul-Ramen			
Shorewood-Farmers-Market			
Mother's			
Taqueria-El-Toro			
Zocalo-Food-Park			Zócalo Food Park
Toribio-Perez-Martinez			
Vanessa-Rose			
Arianne-McDuffie			
KISS-Korean-BBQ			
Cochina-Filipina			
Birch			
Washington-Park			
Blue-Hour-Coffee			
Midwest-Sad			
Megan-Knoll			
Zokolo			
Alex-Hanasaka			
Ruta's-Fresh-Indian-Fare			
Kirsten-Pierce-Sherard			
Gardena			
Peter-Shortino's-bakery			
Crossroad-Collective			
Glorioso's			
Catalano-Square			
Third-Ward			
Harold-Pierce			
Harold's-Chicken			
Brady-Street			
Oak-Brewing			
Semolina			
Bottega			
Ascent-MKE			
Vien-Vienshin			
Gramercy			
Thai-barbecue			
Bertrand-Butcher			
Chez-Fonfon			
Silver-City			
Tabla			
Frank-Stitt			
Chocolate-Sommelier			
Cassis			
Stone-Bank-Farm-Market			
Orenda-Cafe			
Sabor-Divino			
Amaranth-Bakery-and-Cafe			Amaranth Bakery & Cafe
Karen-Bell			
Oscar's-Winner's-Circle			
Vientiane-Noodle-Shop			
Vinci's-Sandcastle			
Kinship-Community-Food-Center			
Azteca-Bakery			
Bavette-La-Boucherie			
Mr-Dye's-Pies			Mr. Dye's Pies
Purslane			
Dan-Dan's			
Mary			
Gene's-Supper-Club			
Poppy-Bakery			
Old-Glory			
Piggly-Wiggly			
TJ			
Martino's			
Kathy-Anderson			
Becher-Meats			
Honey-Pie			
Riemer-Family-Farm			
Kettle-Range-Meats			
Falcon-Bowl			
Paul-Burgess			
Milwaukee-Ballet-School-and-Academy			
Bebe-Zito			
Explorium-Distilled			
EsterEv			
Dave-Swanson			
Zach-Castillo			
Julie-Lucas			
Jerkin-Me-Crazy			Jerkin' Me Crazy
Braves			
Bacchus			
Central-Standard-Crafthouse-and-Kitchen			Central Standard Crafthouse & Kitchen
Pabst-Blue-Ribbon			
Wis-cocktail			
Peachy-Plates			
Momomi			
Latoll			
Lulu-by-Lula-Cafe			
Cousins-Maine-Lobster			
Erik-Kennedy			
puffer-fish			
Aria-at-Saint-Kate			
Brian's-Cocktail-Lounge			
Atwood-Highway-Burger-Barbecue			
Lost-Whale			
Explorum-Brew-Pub			
Hill-Valley-Dairy			
Pepper-Pot			
public-parking-bar			
Summerfest			
Screaming-Tuna			
Ugur-Grill			
La-Boucheret			
Northcott-Neighborhood-House			
Nian-noodle-shop			
The-Ivy-House			
My-Way-Out			
Crystal-Keller			
Milwaukee-County-Community-Reintegration-Center			
Ruben-Gaona			
Chantelle-Jewell			
Mary-Ryan			
Sean-Kafer			
Denita-Ball			
Sherman-Park			
Oriental-Theatre			
Farina's			
Ricky-Burns			
Lena			
Pamela-Holmes			
doc-UWM			doc|UWM
Joann-Harris-Comodore			Joann Harris-Comodore
Neu-Life-Community-Development			Neu-Life Community Development
Shonda-Harris			
Farmfork-Culinary-School-and-Cafe			
Neu-Media-Studios			Neu-Media Studios
Anthony-Bender			
Herb-Kohl-Philanthropies			
Scott-Joffe			
Michael-Parker			
Sergio-Pettis			
Christian-Rodriguez			
Blues-Egg-Cafe			Blue’s Egg Cafe
Roufusport-Mixed-Martial-Arts-Academy			
Luis-Vallejo			
Milwaukee-Public-Schools			
Jason-O'Brien			
Casimir-Pulaski-High-School			
Aaron-Gan			
Lisette-Gan			
Peggy-Williams			
Paula			
George			
Maxie's			
Third-Street-Market-Hall			
Oakland-Avenue			
Black-Shoe-Hospitality			
Freshwater-Food-and-Wine-Festival			Freshwater Food & Wine Festival
Midwest-Heats			
SED-Hospitality			
Wisconsin-Foodie			
Visit-Milwaukee			
Farwell-Avenue			
West-Greenfield-Avenue			
Gregory			
Z-Sokolo			
Mama-Linda's			
Sushi-Bay			
SA-SA			
Pepe's-Oyster-Bar			
Chucho's-Red-Tacos			
Mazorco-Tacos			
American-Family-Field			
Five-er-Forum			Five-er Forum
Grappy's			
Meghan-Knall			
Miles-Thomas			
Indulgence-Chocolatiers			
Phobruary			
Union-Square-Hospitality-Group			
Make-for-Market			
Benji's-Deli			
Loup			
Rachel-Bernhard			
Barnacle-Bud's			
Bubbler-Bar			
Matilda-Bakehouse			
FoodShare			
SNAP			
Norrish-MKE			
Lasagna-Love			
Rooted-in-Rising			
Hunger-Task-Force			
Feeding-America-Eastern-Wisconsin			
Bayview-Food-Pantry			
Journal-Sentinel			
Fresh-Green-Circle			
Darryl-Simmons			
Ben-Spangler			
Gabriella-Grant			
Center-Street			
MLK-Drive			
Deer-District			
Good-City			
Cafe-at-The-Pfister			Café at The Pfister
Flourchild-Pizza			
Doc's-Commerce-Smokehouse			
Smoke-Shack			
Ward's-House-of-Prime			
Yancey's-Fancy			
ElevAsian			
A-Taste-of-Juneteenth			
Botanical-Battle-Royale			
Bitter-cube-bitters			
heirloom-liqueurs			
Lowlands-Group			
Downtown-Dining-Week			
Vaun-Mayes			
Mackenzie-Savin			
Comforce			
MPD			
Dr-Terri-deRoon-Cassini			Dr. Terri deRoon-Cassini
Joshua-Parish			
ThriveOn-King			
Bronzeville			
Milwaukee-Trauma-Recovery-Center			
Medical-College-of-Wisconsin			
University-of-California-San-Francisco			
Milwaukee-Fire-Department			
Froedtert			
Children's-Wisconsin			
Advance-Peace			
Milwaukee-Police-Department			
Sojourner-Family-Peace-Center			
Milwaukee-County			
National-Alliance-of-Trauma-Recovery-Centers			
Advancing-a-Healthier-Wisconsin-Endowment			
Raquel-Aleman			
Danya-Littlefield			
Lincoln-Village			
Your-Move-MKE			
Painted-Raised-Crosswalk-Initiative			
Milwaukee-Department-of-Public-Works			
Vision-Zero-plan			
Jade-Holcomb			
Patrick-Hill			
Jesse-Velker			
Gianni-Vaccaro			
Milwaukee-River			
Twisted-Fisherman			
The-Harp			
FunkClub-Wagon			
MKE-River-Round-Up-music-series			MKE River Round-Up music series
Joy-Engine			
Milwaukee-Kayak-Company			
Indeed-Brewing			
NeuVue			
Evan-Maruszewski			
Steve-Woodson			
Milwaukee-Tool-Library			
GoFundMe			
City-of-Milwaukee			
Lee-Bennett			
Jeffrey-Duke-Roufus			Jeffrey “Duke” Roufus
Casimir-Pulaski-High-School's-automotive-program			
Rebecca-Bradley			
Sam-Woods			
Chris-Taylor			
Maria-Lazar			
Annette-Ziegler			
Joy-Powers			
Wisconsin-Supreme-Court			
WUWM			
Swing-State-of-the-Union			
U-S-Supreme-Court			U.S. Supreme Court
Wisconsin-State-Legislature			
Wisconsin-Judicial-Commission			
Milwaukee-County-Board-of-Supervisors			
Cocina-Filipina			
Tarik			
Charlie-Berens's			
Berens			
Immy's			
Christenson			
